{"schemaVersion":"1.0","appDefinitionTemplate":{"id":"/providers/Microsoft.PowerApps/apps/","type":"Microsoft.PowerApps/apps","tags":{"primaryDeviceWidth":"640","primaryDeviceHeight":"1136","supportsPortrait":"true","supportsLandscape":"false","primaryFormFactor":"Phone","showStatusBar":"false","publisherVersion":"3.24101.10","minimumRequiredApiVersion":"2.2.0","hasComponent":"false","hasUnlockedComponent":"false","isUnifiedRootApp":"false","sienaVersion":"20241021T092119Z-3.24101.10.0"},"properties":{"appVersion":"2024-10-21T09:21:19Z","lifeCycleId":"Published","createdByClientVersion":{"major":3,"minor":24101,"build":10,"revision":0,"majorRevision":0,"minorRevision":0},"minClientVersion":{"major":3,"minor":24101,"build":10,"revision":0,"majorRevision":0,"minorRevision":0},"backgroundColor":"rgba(0, 51, 102, 1)","backgroundImageUri":"/11088527591535356132/N6e4ab439-5177-47dd-a77e-3b5abf73d229-logoSmallFile","displayName":"My Expenses_0704","description":"","commitMessage":"","appUris":{"documentUri":{"value":"/11088527591535356132/Ne28c154c-1e73-4bd6-ac54-1522563b16de-document.msapp"},"imageUris":[],"additionalUris":[{"isSolutionAware":false,"value":"/11088527591535356132/Ndfb85294-df6d-4d97-bb61-7b874b19b1e7-identity.json"}]},"createdTime":"0001-01-01T00:00:00Z","lastModifiedTime":"0001-01-01T00:00:00Z","sharedGroupsCount":0,"sharedUsersCount":0,"connectionReferences":{},"databaseReferences":{},"almMode":"Environment","performanceOptimizationEnabled":false,"canConsumeAppPass":false,"enableModernRuntimeMode":false,"executionRestrictions":{"isTeamsOnly":false,"dataLossPreventionEvaluationResult":{"status":"Compliant","lastEvaluationDate":"2024-10-21T07:46:30.7234564Z","violations":[],"violationsByPolicy":[],"violationErrorMessage":"The app uses the following connectors: shared_sharepointonline."}}},"appType":"ClassicCanvasApp","appComponents":[]}}