{"__Version":"0.1","App":"de9e59af-7567-448f-9ad0-7764e1daf633","Test_7F478737223C4B69":"19b50517-7bdf-42b6-b0ab-f7e43361284c","Host":"989b5ee2-70d9-4e65-abab-1557fb72abac","My Expenses":"f544a0c1-6b32-48f6-ba3f-9adaf4306e12","Header":"74c168ff-20ce-434c-acf8-2df938e21dc6","HeaderCircle1":"6856b148-4ee6-460f-b31a-30a6aa8bc902","HeaderAddIcon1":"92360b4f-2ab6-4b73-b53d-db0ff85aaccf","GrayLine":"005d234b-d583-43a5-85e4-4cbdc6cc9e1f","RectangleBG":"1c264fbb-5103-4832-887f-71f0a7b4d2f9","WhiteBG1":"ab7822e8-f28e-4763-85d5-2f9cf9d05602","WhiteBG2":"26e594ba-c103-48f8-96ae-becdc7fa7633","WhiteBG3":"89349a5d-6094-4986-bd9c-1a05950c1309","LabelOpen":"363dc910-be38-4452-9430-ca50e338a007","LabelPending":"ce96de42-3885-475e-922b-a06239b2fc98","LabelApproved":"819e449c-e60e-4c38-b7de-70f51e286413","LabelOpenValue":"9ef73b65-7c7a-4487-81a0-917c6ec91fdd","LabelpENDINGValue":"d9c26126-17da-4289-9948-d9077abb1c03","LabelApprovedValue":"607e57f7-c40a-42e1-ab7c-94ec338da0bc","FilterDateIcon":"b53f8388-912b-4529-85b8-0043a4449675","ReportTitle":"3a1ed424-0d79-43e1-8712-5a336354b90f","SortDateIcon":"cb5632d2-f529-4490-b83d-21fbad8832e5","FilterDateLabel":"a0bcad0f-6cba-4b3c-a341-16bb7a41c3a4","SortDate":"2ec57d07-13e8-4902-99a9-5c6bdcdad643","FilterOpen":"390896da-3f63-4084-92c3-8e8db014995f","FilterPending":"858bcbbc-8055-4b05-a082-ccfdf52c41cd","FilterApproved":"3e8f6996-3a39-479f-82e6-2726c6c2380d","FilterAll":"dfcf02e8-04d3-4046-bf0b-740fdd729c0d","ExpensesGallery":"d93d48a3-adc4-4e05-9a3c-0a5edd6febc4","galleryTemplate1":"b7b07efe-fa9e-47b4-88ed-ac633da71017","ExpensesGalleryBackground":"36c2f4d8-92e0-410e-a280-48a2af241597","ExpensesGalleryDate":"78029d93-4bc6-4eb9-98b6-f6266e73c901","icon1":"981d0cd6-eb4f-4c1d-a6d6-ac46961eee2e","ExpensesGalleryDollars":"0838a60d-26b3-4382-b8a7-509383a9977d","ExpensesGalleryTitle":"40a629bb-8347-4b90-9031-cc9c200aacbf","ExpensesGalleryStatus":"f051f97a-b12d-4dc4-8608-7a0e63635e51","ExpensesGalleryID":"58f4b71e-23c3-4401-b04e-d1acd99c553b","ExpensesGallerySeparator":"b08b8deb-21ac-454c-84c4-7f6df964e0a6","ExpensensSummaryGroup":"7c24be4d-54fa-4c33-b5f0-25772027d471","ExpenseReportGroup":"a158b260-19cb-4a3f-b050-9cedaddedccf","ViewReport":"e6f36098-de66-4180-8bdc-287e5164bcc3","ViewReportHeaderLabel":"3ec59c0c-e2bf-4c01-901c-5fa570c3a705","ViewReportBackIcon":"e238e508-bfb3-4c84-96c2-210dd9337899","ViewReportTitleLabel":"ec73ed48-2378-4279-bdf0-c06dcc82009c","ViewReportGrayLine":"7c921d71-38a8-4866-83a2-d538ae3fde25","ReportDetailBackgroundRectangle":"700ba8df-3ca2-4d08-96ef-6cef2466af46","ReportDetailIDLabel":"156323a2-638f-43fc-a294-b46d84698e2b","ReportDetailDollarsLabel":"5523117e-cd49-40bc-97e1-a2def144ff2a","ReportDetailTitleLabel":"c00c9818-43c3-4062-9e0a-5c9aa4617fd4","ReportDetailStatusLabel":"27635f3d-9bdb-463f-b7f2-d540c56650e5","ReportDetailApproverContentLabel":"8d506025-82f9-4d8e-9186-059e003cf397","ReportDetailApproverLabel":"7e1eef4d-8093-4d17-a0ab-3583875a62b1","ReportDetailClientContentLabel":"5431aae3-267d-40d1-b7d6-aa4c764fc8aa","ReportDetailClientLabel":"5d758f44-1105-4071-80e8-a3d43a11b9ff","ReportDetailDateContentLabel":"0af915a9-bc80-4edb-b8f3-c9177fd7ad6c","ReportDetailDateLabel":"70357530-526b-4caa-923f-0fd33b4269eb","ReportDetailPeriodContentLabel":"9baf3837-9807-4060-9f4a-2119ae92f485","ReviewReportDetailEditIcon":"12cfb3f4-a2c6-4c3f-ae9c-dca297c68aa2","ReportDetailEditLabel":"1cffdacc-fb86-4828-91a0-4ab6dbb89525","ReportDetailPeriodLabel":"d9aa5d2f-3705-4a9e-9ee4-348c5e6140bc","ViewReportCommentsBackground":"9325f8d3-ebf2-46c9-bcbf-42ce6c591b66","ViewReportCommentsHeader":"27f4c7af-d8c9-433c-929d-cd17aa1c588b","ViewReportCommentsContent":"e06f5312-4dc1-4f51-adc6-740b4781256b","ViewReportAddLineItemLabel":"92e843dc-1abb-463a-8aa4-8fc2c2080bd8","ViewReportAddLineItemIcon":"304d380a-ddf5-45c3-9627-ba624e9d483e","LineItemsGallery":"180add92-e62e-499c-b5fd-3bb61292ddc0","galleryTemplate2":"cab2b4a1-4ab5-4c9c-8eb5-289d20ec5d6c","LineItemsGalleryBackground":"f48a8156-d1b1-44b7-9834-8fb5b16b7aec","LineItemSelectEvent":"f3154ddb-d469-4096-b8a4-bcef87f59c69","LineItmesGalleryDeleteRect":"01592031-7a97-4ea5-ab4d-d06d26bb67a5","LineItemsGalleryDelete":"eecb9f89-e448-47ac-8c59-6a0eee86bb5e","LineItemsGalleryIcon":"9e591100-922f-42a6-b7a3-929929b351b3","LineItemsGalleryDate":"418eb611-b800-419f-8305-670c5e6c9b93","LineItemsGalleryTitleLabel":"9b4453e0-f567-4f59-9bed-5403b73a20ee","LineItemsGalleryCost":"05cc6117-9e39-4e53-9d21-bb63124bcbcb","LineItemsGalleryCategoryContent":"88b8513f-8912-4dcb-820c-a2f164f5a0dd","LineItemsGalleryCategoryLabel":"55c53335-2f58-4a8c-b03b-478d9ea89363","ViewReportSubmitButton":"adf6c0a1-341d-4533-b3cb-3b320b73512a","ReportDetailGroup":"8192753f-9d72-468a-a0a0-06283dcaeeeb","FilterDate":"ad5071ad-9fde-4628-b0ff-32da7d846a1c","FilterDateHeader":"150a8f4e-793a-4bb4-9ca7-b9ce6db4493b","FilterDateBackIcon":"11b3beee-a376-4fa4-b00b-d5c7b9b6a081","FilterDateTitle":"2823792c-6d00-4626-b062-8aa59ead2751","FilterDateGrayLine":"0383beaa-6376-4b24-803f-bb8bc6d129b9","FilterDatestartDate":"94868776-2276-4e6e-81d6-25952ec90681","FilterDateEndDateLabel":"0e570408-64f5-4380-9411-d573fb217b5d","FilterDateStartDate":"e3b158b4-3a09-4b08-8607-5d5a6626f6b7","FilterDateEndDate":"dfb1a8c6-727e-412d-941c-f7c07ee20f39","FilterDateApply":"db08a279-dfa5-4c77-8b11-9ae529afd7c3","NewExpenseConfirm":"02ca23c5-19ab-4659-a290-1fc66a10d275","NewExpenseConfirmBackground":"a294586e-0aba-44ac-89d3-9738fa20d509","NewExpenseConfirmTimer":"cb136d2b-20f3-4acc-89e9-2c5eef39acd9","NewExpenseConfirmCycle":"d6ef75ef-65bf-4a41-b665-acda72b7ecf9","NewExpenseConfirmIcon":"5a5ef693-fcc8-4dff-87f5-2c81c464797d","NewExpenseConfirmTitleLabel":"28809741-1cbd-4853-95b6-d74d29941168","NewExpenseConfirmGroup":"9a0e6496-3959-4e21-8553-1e11ce01ed19","EditLineItem":"d9167c3b-3b13-4a05-b639-6ed58dbd65cb","EditLineItemCanvas_1":"b97610bf-b2ed-4f73-b682-40c8123e07f4","EditLineItemDataCard_1":"8f98c9d5-58be-452e-9e32-2c6cf8dfa14b","EditLineItemHeaderTitleLabel_2":"f6271487-fa4e-4cae-a97f-80ebe4876d92","EditExpenseBack_1":"5ed68c5f-6845-421f-af23-bd573764b267","EditLineItemHeaderGrayLine_2":"730f77a8-2366-404d-b536-d6a379217d95","EditLineItemTitleLabel_2":"944aafa9-da31-4397-b7b0-ede0df1252bc","DataCardKey33_2":"0d64f5b4-7a04-4a46-81ad-6dd2e166b108","DataCardValue33_2":"17061976-d6d8-45ce-b089-399470593946","DataCardKey37_2":"c1e3c4a1-7f48-4cf8-b986-c087e44b9441","DataCardValue37_2":"cd66e478-9639-452c-b8be-abd99700f921","DataCardKey34_2":"fbfef025-c047-43df-b8da-069f287a89e0","DataCardValue34_2":"c48a180e-2c66-4433-aea1-12148ad0c501","DataCardKey35_2":"c2c26ab6-8ad0-4ab1-b4f7-ea5256b794d0","DataCardValue35_2":"5a1be856-da6f-402a-a93e-ab1c815e5251","EditLineItemReceiptsLabel_2":"be6699e2-b84d-4739-9205-af50be2eaaef","EditLineItemBottomLine_1":"449428ce-dd81-4cfc-971a-9728a749d529","EditLineItemCancelButton_1":"c63ec50d-70ac-4f96-b9dd-164173da270a","EditLineItemDeletelButton_1":"f077c6e1-c470-4755-a485-7f4f313fe2d9","EditLineItemSaveButton_1":"7a7d17e8-bcb3-437b-aed6-544f416ce4f3","EditLineItemReceiptGallery_2":"e65d45a2-3c3b-4c8d-ac07-8df4f01a87a1","galleryTemplate3_3":"d8e65e44-255c-4ed0-ad3f-26af954ae9a6","EditLineItemReceiptImage_2":"ee3794ee-bf8a-41c1-8bfb-1a378df6301f","EditLineItemBottomPlaceholder_1":"d0ace918-d94b-46ab-83d8-7307a4c4ee8d","EditLineItemAddReceiptButton_2":"669ba3f7-81e7-4b54-ab74-537c202e03dc","EditLineItemHeaderGroup_2":"860f3f6f-9440-4c40-b2e5-50f1ff9decc9","NewExpense":"6d9446a6-0ebf-4ef1-a8eb-541fe5b9156c","NewExpenseRectQuickActionBar1":"8a1648a2-cc9b-42b7-9650-66ea4c62189d","NewExpenseBackIcon":"b46445db-52ad-4ed8-b9d5-222ac4f5b0a2","NewExpenseHeaderTitle":"5784c00f-1121-4cef-b2e6-627c725fa253","NewLineItemGrayLine_1":"d7d79b70-89f3-4b9a-9077-392373ea67b8","DataCardKey5_1":"d99f9818-3734-42ae-a76b-37197812570e","DataCardKey6_1":"2a642b30-e8bc-47a5-aef8-a9b1cbc84628","DataCardValue5_1":"ef80ec53-0499-4223-a024-d3bf83b1eb51","DataCardValue6_1":"38a9cdf9-9324-4467-a7f2-e3a6bbd49742","DataCardKey1_1":"71281b7e-f312-431b-9874-3de984bfa749","DataCardValue1_1":"4013a684-b84f-4c3e-9b4f-86bc3ee0ac6c","DataCardKey3_1":"b78b3e92-3317-41c0-bc43-7bd5126282cb","DataCardValue3_1":"ddae1d02-e01b-456c-b5fb-8945aa909df3","DataCardKey8_1":"35b049aa-5795-4d98-adba-5e50db42f7d5","DataCardValue8_1":"2057cf28-9e4c-46f8-9afc-25724108a7ce","NewExpenseCancelButton_1":"4634991a-8702-49a4-94f2-a90bff6ccdcb","NewExpenseCreateButton_1":"14ac2900-d660-498c-b28b-fce227e94278","NewLineItem":"eef6a356-cd0a-43e3-a579-bdfcca805782","RectQuickActionBar1":"5b7fd8a3-8d3c-417c-90af-f0252ac6d700","NewLineItemHeaderBG":"bfd9b671-9cd3-46f0-a08b-afa5b07dc59b","NewLineItemBackIcon":"d35f533c-5c84-4381-b51d-dc2498498fd4","NewLineItemReportTitle_1":"68c32df2-18ea-4146-99b2-f08f00a3254f","NewLineItemGrayLine_3":"11e0110c-ccd3-4c05-a0ff-51ce1a3d4441","NewLineItemAddLabel_2":"d1837f3f-5dc1-4666-8673-39b9a6adfef7","DataCardKey25_3":"eb9e7324-2f90-4a75-8e27-773bce6e8cee","DataCardValue25_3":"acce8252-c431-481f-b5dd-f0468aca80da","DataCardKey29_3":"7d4092e8-a8f7-4867-a1a7-c8dafec72452","DataCardValue29_3":"0bc1ff81-63cb-49b4-9229-7781b0cd3ade","DataCardKey26_3":"99bb70d4-d2d5-410d-b2a5-66849c61cda8","DataCardValue26_3":"731c772a-f2eb-4349-bb05-4602562ef6f7","DataCardKey27_3":"d76767f7-33af-4802-9c52-9769cb95eb7c","DataCardValue27_3":"d22aafb9-5fb5-48e4-900d-776bba96d8fa","NewLineItemBottomLine":"73359269-f91b-45d0-965c-f14564415e09","NewLineItemCancelButton_3":"73d04005-4eb9-4481-ba45-e8c511ceadd5","NewLineItemSaveAndNewButton_2":"033baeef-efea-4684-8801-083fff8831aa","NewLineitemCreateButton_1":"8b691fc7-1386-4f2f-9f33-9813673e57f3","DeleteExpenseConfirm":"ede28686-1092-4c8f-94ba-4c8acbc7e23d","DeleteExpenseConfirmIcon":"27d724c1-e370-486f-a857-2be19c0d47e4","DeleteExpenseTitleLabel":"6fa7d150-4c42-498c-9599-d51a8e304dbe","DeleteExpenseTitle":"f8089b2f-8273-48df-98ad-c8eb93195510","DeleteExpenseId":"f02e595e-d08e-4cce-b304-a98274d5f32d","DeleteExpenseCancelButton":"97db0317-578c-4a6e-89fe-e45e4c7982d0","DeleteExpenseDeleteButton":"4a075a76-5fe1-42a3-8363-5ffa8f073cfa","DeleteLineItemConfirm":"dfc54a8b-39eb-4bfd-b173-c9fde3f227e6","DeleteLineItemConfirmIcon":"ab3ed0ab-d1a6-409d-a81c-a837469c1c86","DeleteExpenseTitleLabel_1":"3248f7b4-5554-4034-984b-9a5152a920b0","DeleteExpenseTitle_1":"74929653-b39c-435d-b2c6-dda8bf42d2d2","DeleteExpenseId_1":"2a6b0c03-d72a-43a5-9305-3690b618aa68","DeleteExpenseCancelButton_1":"0895c64e-847e-4198-ab34-3b79c6b0e149","DeleteExpenseDeleteButton_1":"4dbfba7f-ae89-4b13-9695-9435341065a0","EditExpense":"618739ed-15d7-44b1-8535-550c2bb3c14f","EditExpenseHeaderBackground":"72e1d1ff-9978-4069-a85c-4b279ac83045","EditExpenseBack":"b66f4748-8e87-4854-8975-498d73d7f99f","EditExpenseTitleLabel1":"62f2dac9-1601-4fd6-a350-38942ca51664","EditExpenseGrayLine4":"bd1b26be-5889-4c3e-b687-a78084e07bc8","DataCardKey28_1":"4c1abcc8-0cb4-4d7d-99f2-ea9d5116ad94","DataCardKey29_1":"045b938a-4e9a-4181-8c26-ee9b4d3ad27f","DataCardValue28_1":"fd8f045b-bbcd-4167-8775-677ac6931754","DataCardValue29_1":"befa460d-796b-4ec0-bf1b-369a01f18a87","DataCardKey24_1":"8ce59931-f63e-420b-b446-d813d9289b82","DataCardValue24_1":"b7613ae1-a069-411e-ba36-f1edd56f9a29","DataCardKey26_1":"59598ed7-3a0e-47b3-93e0-efefe197bebe","DataCardValue9_1":"b3f2bd35-b76b-4c14-85f3-587f40a196b7","DataCardKey9_1":"592709cc-7944-44fd-b639-4120a22a82ac","DataCardValue9_2":"2b96bdd4-a620-4216-af8d-205cbd84fe87","EditExpenseAddLineItemLabel":"479c1a3b-909d-487b-b2f8-c93d2aebeacc","EditExpenseAddIcon":"226e31f2-6e0e-41b6-bcff-c67e528471a5","EditExpenseCancelButton_2":"d5f6594d-620c-469d-b391-3cc6513e200e","EditExpenseDeleteButton_3":"64d98528-8aa2-48c8-9271-7ccaa3b2c92a","EditExpenseSaveButton_1":"663716eb-a802-4dc0-85ad-71b4f69761b1","NewLineItemConfirm":"6712dea4-de4c-455f-a7c8-bbfe16dff5a0","NewItemConfirmBackground":"c0f3116d-67ea-4064-bc6f-1225cc31b94b","NewItemConfirmTimer":"676e6fd5-62d6-4f5e-bfaa-7c56de3cfedb","NewLineItemConfirmCycle":"368da8e8-befa-4aaa-9604-3aa8fea230e5","NewLineItemConfirmIcon":"78e2cf9e-1952-4fbf-a1e0-ed4e9f06fd8e","NewItemConfirmTitleLabel":"68fe717e-5f9b-408b-ad4c-18fdae9e2608","NewLineItemConfirmGroup":"dc92f405-8eb5-4e76-bd61-2afe444faca7","Collection and Variables":"760f67fa-018d-4b80-b24d-f249c9219d31","CollectionAndVariablesTitle":"71348704-e623-4648-bbf9-7930aee4e768","CollectionAndVariablesCollectionTitle":"3ad3e3d1-d977-402d-a34f-5516621d3167","CollectionsContent":"cc8b43dd-1eef-48b0-ae05-6263f025d856","CollectionAndVariablesVariablesTitle":"47917e78-d800-44ac-bef8-6285df50c986","VariablesContent":"eb65e055-5efa-40a0-a80b-e101117857e0","SetupScreen":"a19cd2f5-3e15-4d4d-9dbc-ed605b9643b9","HtmlText1":"841b51bd-fd35-4cac-9c09-3ba1ddea8e60"}